Item Name,SKU,Description,Selling Price,Opening Stock,Item Type,Product Type,Unit,Status,Category,Website Status,Website Subtitle,Website Details,Strength,Purity,COA File,Website Icons
Retatrutide - 20mg,retatrutide,"The most advanced triple-receptor peptide in active research. Retatrutide activates GLP-1, GIP, and glucagon pathways simultaneously. A mechanism studied for its powerful role in metabolic function and body composition.",150,269,Inventory,Goods,qty,Active,Metabolic,published,,"Researched for its influence on metabolic pathways including glucose balance, appetite signaling, and energy regulation.",,,https://puretide.ca/coa/puretide-coa-reta-15.pdf,"Metabolic, Energy"
Glow Stack,glow-stack,A skin and recovery focused research combination featuring tissue repair peptides enhanced with copper peptide for skin rejuvenation.,125,49,Inventory,Goods,qty,Active,Stack,published,BPC 157 10 mg TB 500 10 mg GHK CU 50 mg,"This stack builds on the Wolverine formula with the addition of GHK-Cu, a copper peptide researched for skin health and collagen synthesis. The combination has been studied for its potential effects on both internal tissue repair and external skin appearance, tone, and texture.",,,https://puretide.ca/coa/puretide-coa-glow-stack.pdf,"Energy, Recovery"
KLOW Stack,klow-stack,"The most comprehensive research stack combining tissue repair, skin health, and anti-inflammatory peptides for full-spectrum support.",135,17,Inventory,Goods,qty,Active,Stack,published,BPC 157 10mg TB 500 10MG KPV 10mg GHKCU 50 mg,"This advanced stack includes the Glow formula plus KPV, a tripeptide researched for its potent anti-inflammatory properties. The combination has been studied for synergistic effects on tissue repair, skin rejuvenation, and immune modulation, making it ideal for comprehensive wellness research protocols.",,,https://puretide.ca/coa/puretide-coa-klow-stack.pdf,"Balance, Recovery"
Wolverine Stack,wolverine-stack,"A powerful research combination of BPC-157 and TB-500, studied for their synergistic effects on tissue repair and recovery.",95,98,Inventory,Goods,qty,Active,Stack,published,BPC157 10 mg TB 500 10 mg,"This research stack combines two peptides known for their regenerative properties. BPC-157 (Body Protection Compound) and TB-500 (Thymosin Beta-4 fragment) have been individually studied for their effects on soft tissue repair, mobility, and recovery mechanisms. Research suggests potential synergistic benefits when combined.",,,https://puretide.ca/coa/puretide-coa-wolverine-stack.pdf,"Recovery, Vitality"
BPC 157,bpc-157,"Derived from a naturally occurring protective protein, BPC-157 is one of the most extensively researched peptides in its class. Studied for its role in tissue recovery, joint support, and cellular regeneration.",65,18,Inventory,Goods,qty,Active,Recovery,published,,"Researched for its influence on growth factor pathways, angiogenesis, and the body's natural regenerative response.",,,https://puretide.ca/coa/puretide-coa-bpc-157.pdf,"Recovery, Longevity, Digestive"
KPV - 10mg,kpv,"A naturally occurring tripeptide derived from alpha-MSH, studied for its anti-inflammatory properties.",50,33,Inventory,Goods,qty,Active,Immune,published,,KPV (Lys-Pro-Val) is the C-terminal tripeptide of α-MSH. Research has focused on its potent anti-inflammatory effects and its potential role in modulating immune responses. Studies have explored its mechanisms in various inflammatory research models.,,,https://puretide.ca/coa/puretide-coa-kpv.pdf,"Recovery, Digestive"
BPC 157 Oral Tablets,bpc-157-oral-tablets,"Derived from a naturally occurring protective protein, BPC-157 is one of the most extensively researched peptides in its class. Studied for its role in tissue recovery, joint support, and cellular regeneration. Also available in Sub-Q Format",199,1,Inventory,Goods,qty,Active,Metabolic,published,100 Tablets | 500mcg per Tablet | 50mg Total Per Bottle,"Researched for its influence on growth factor pathways, angiogenesis, and the body's natural regenerative response",,,,"Metabolic, Energy"
KPV Oral Tablets,kpv-oral-tablets,"A naturally occurring tripeptide derived from alpha-MSH, studied for its anti-inflammatory properties. Also available in Sub-Q Format",199,4,Inventory,Goods,qty,Active,Recovery,published,100 Tablets | 500mcg per Tablet | 50mg Total Per Bottle,KPV (Lys-Pro-Val) is the C-terminal tripeptide of α-MSH. Research has focused on its potent anti-inflammatory effects and its potential role in modulating immune responses. Studies have explored its mechanisms in various inflammatory research models.,,,,"Recovery, Digestive"
SLU-322,slu-322,"SLU-322 is a research compound studied for its effects on energy metabolism, mitochondrial function, fat oxidation, and endurance pathways.",199,1,Inventory,Goods,qty,Active,Metabolic,published,100 Tablets | 500mcg per Tablet | 50mg Total Per Bottle,"SLU-PP-332 is a preclinical research compound developed as an estrogen-related receptor (ERR) agonist, with studies investigating its effects on mitochondrial activity, oxidative metabolism, energy expenditure, and exercise-related metabolic pathways.",,,,"Metabolic, Longevity"
TB 500 - 10mg,tb-500,"A synthetic fragment of Thymosin Beta-4, a naturally occurring peptide present in most tissues, studied for promoting cell migration, blood vessel formation, and accelerated tissue repair.",70,34,Inventory,Goods,qty,Active,Recovery,published,,"Researched for wound healing, inflammation modulation, and cardiac tissue regeneration.",,,https://puretide.ca/coa/puretide-coa-tb-500.pdf,Recovery
Nad+ 500 mg,nad-500,"NAD+ (nicotinamide adenine dinucleotide) is a coenzyme in every cell, supporting energy metabolism, cellular repair, and cognitive function. Often used in longevity and cellular health protocols.",110,34,Inventory,Goods,qty,Active,Longevity,published,,"NAD+ helps turn nutrients into ATP to support energy and metabolism, backs sirtuins and DNA repair for cellular maintenance and resilience, and is often used in longevity and cellular health protocols. It also supports brain energy metabolism and neuronal health.",,,https://puretide.ca/coa/puretide-coa-nad.pdf,"Recovery, Longevity"
Ipamorelin - 10mg,ipamorelin,"A highly selective growth hormone secretagogue that stimulates GH release from the pituitary gland without significantly affecting cortisol or prolactin levels, making it valuable for targeted research.",70,90,Inventory,Goods,qty,Active,Growth,published,,"Researched for muscle growth, fat metabolism, and bone density applications.",,,https://puretide.ca/coa/puretide-coa-ipamorelin.pdf,"Growth, Longevity"
GHK-CU - 100mg,ghk-cu,"A naturally occurring copper peptide complex found in human plasma, studied for its significant role in wound healing, collagen synthesis, and skin regeneration across various research applications.",83,53,Inventory,Goods,qty,Active,Recovery,published,,Researched for tissue remodeling and anti-inflammatory properties. May promote glycosaminoglycan production.,,,https://puretide.ca/coa/puretide-coa-ghk-cu.pdf,"Recovery, Skin"
MOTS-C,mots-c,"A mitochondrial-derived peptide encoded within the 12S rRNA gene, studied for its key role in metabolic regulation, insulin sensitivity enhancement, and exercise physiology research.",120,8,Inventory,Goods,qty,Active,Metabolic,published,,Researched for enhancing glucose uptake in skeletal muscle and promoting metabolic homeostasis.,40mg,,https://puretide.ca/coa/puretide-coa-mots-c.pdf,"Metabolic, Longevity"
Tesamorelin - 10mg,tesamorelin,A synthetic growth hormone-releasing hormone (GHRH) analog designed to stimulate natural growth hormone production from the pituitary gland for targeted metabolic research.,90,51,Inventory,Goods,qty,Active,Longevity,published,,Researched for lipid metabolism and visceral adipose tissue reduction.,,,https://puretide.ca/coa/puretide-coa-tesamorelin.pdf,"Growth, Longevity"
Epitalon - 50mg,epitalon,A synthetic tetrapeptide studied for its potential effects on telomerase activity and cellular aging mechanisms.,95,1,Inventory,Goods,qty,Active,Longevity,published,,"Epitalon (Ala-Glu-Asp-Gly) is based on the naturally occurring epithalamin peptide. Research has focused on its potential role in activating telomerase, the enzyme responsible for maintaining telomere length. Studies have explored its effects on cellular longevity.",,,,Longevity
CJC-1295 - 10mg,cjc-without-dac,A growth hormone releasing hormone analog researched for its effects on growth hormone secretion.,55,24,Inventory,Goods,qty,Active,Growth,published,Without DAC,"CJC-1295 without Drug Affinity Complex (DAC) is a modified GHRH peptide with a shorter half-life. It has been studied for its pulsatile stimulation of growth hormone release, making it a subject of interest in metabolic and growth-related research.",,,https://puretide.ca/coa/puretide-coa-cjc.pdf,Growth
Glutathione - 1500mg,glutathione,"A tripeptide antioxidant naturally produced in cells, studied for its critical role in neutralizing free radicals, supporting immune function, and facilitating cellular detoxification processes.",70.99,15,Inventory,Goods,qty,Active,Antioxidant,published,,Researched for protection against oxidative stress and liver function support.,,,,Longevity
Cerebrolysin - 60mg,cerebrolysin,A neuropeptide drug made from small peptides and amino acids derived from brain proteins. It supports brain function by mimicking natural growth factors that help neurons survive and repair.,60,21,Inventory,Goods,qty,Active,Recovery,published,,"Cerebrolysin is known for its neuroprotective and brain-repair properties, helping the brain form new connections and recover more effectively. It is generally well tolerated, with mild side effects, and is valued in clinical settings for its potential to enhance brain performance and recovery.",,,,"Recovery, Metabolic, Vitality"
Tirzepatide,tirzepatide,"A dual GIP and GLP-1 receptor agonist peptide with demonstrated effects on glucose metabolism and appetite regulation, showing significant promise in metabolic research studies.",70.99,20,Inventory,Goods,qty,Inactive,Metabolic,draft,,Researched for glucose-dependent insulin secretion and glucagon reduction.,,,,"Balance, Performance, Natural"
Semax - 11mg,semax,"A synthetic peptide analog of ACTH, researched for its neuroprotective and cognitive-enhancing properties.",60,37,Inventory,Goods,qty,Active,Cognitive,published,,"Semax is a heptapeptide studied for its effects on brain-derived neurotrophic factor (BDNF) and its potential neuroprotective mechanisms. Research has explored its role in cognitive function, memory, and neuronal health in various laboratory models.",,,https://puretide.ca/coa/puretide-coa-semax.pdf,Cognitive
Selank - 11mg,selank,"A synthetic nootropic peptide derived from tuftsin, studied for its potential effects on cognitive function and stress response.",65,44,Inventory,Goods,qty,Active,Cognitive,published,,Selank is a heptapeptide researched for its anxiolytic and nootropic properties. Studies have explored its interaction with GABA receptors and its potential role in modulating neurotransmitter levels. Commonly investigated in cognitive and behavioral research models.,,,,Cognitive
PT 141 - 10mg,pt-141,A synthetic melanocortin receptor agonist researched for its effects on melanocortin pathways and sexual function.,60,23,Inventory,Goods,qty,Active,Intimacy,published,,"PT-141 is a cyclic heptapeptide that acts on melanocortin receptors MC3R and MC4R. Research has explored its unique mechanism of action through the central nervous system, making it a subject of interest in behavioral and physiological studies.",,,,Intimacy
VIP - 10mg,vip,"A 28-amino acid neuropeptide researched for its roles in immune regulation, neuroprotection, and vasodilation.",95,15,Inventory,Goods,qty,Active,Immune,published,Vasoactive Intestinal Peptide,"VIP is a widely distributed peptide found in the central and peripheral nervous systems. Research has explored its diverse biological functions including anti-inflammatory effects, circadian rhythm regulation, and neuroprotective properties.",,,,Digestive
ARA 290.00 - 10mg,ara-290-00,"A non-erythropoietic peptide derived from EPO, researched for tissue-protective and regenerative properties.",60,0,Inventory,Goods,qty,Inactive,Recovery,draft,,"ARA-290 is an 11 amino acid peptide that selectively activates the innate repair receptor without stimulating red blood cell production. Research has explored its potential in neuroprotection, tissue repair, and metabolic regulation.",,,,Longevity
SS-31,ss-31,A mitochondria-targeted peptide researched for cellular energy support and protection against oxidative stress.,150,29,Inventory,Goods,qty,Active,Longevity,published,,"SS-31 (also known as Elamipretide) is a short, synthetic peptide designed to localize to mitochondria and interact with cardiolipin, a key phospholipid in the inner mitochondrial membrane. Research has explored its potential to support mitochondrial function by improving electron transport efficiency, reducing reactive oxygen species (ROS), and stabilizing mitochondrial membranes. It has been studied in contexts including muscle performance, cardiovascular and renal stress, neuroprotection, and age-related declines in cellular energetics.",50mg,,https://puretide.ca/coa/puretide-coa-ss-31.pdf,"Longevity, Metabolic"
Cartalax,cartalax,Cartalax is a synthetic tripeptide composed of the amino-acid sequence Ala-Glu-Asp (AED).,75,10,Inventory,Goods,qty,Active,Longevity,published,,"Cartalax has been investigated in preclinical and in-vitro research involving cartilage-derived cells, connective-tissue biology, cellular aging and gene-expression pathways.",,,,Longevity
Dsip,dsip,"DSIP, or Delta Sleep-Inducing Peptide, is a synthetic nonapeptide composed of nine amino acids.",60,10,Inventory,Goods,qty,Active,Recovery,published,,"DSIP has been investigated in preclinical and experimental research involving sleep regulation, circadian rhythms, stress-response pathways and neuroendocrine signalling",,,,Recovery
Bacteriostatic Water,bacteriostatic-water,Sterile water containing 0.9% benzyl alcohol as a bacteriostatic preservative for reconstituting lyophilized compounds.,10.99,49,Inventory,Goods,qty,Active,Accessory,published,,"Bacteriostatic water is an essential laboratory supply for reconstituting peptides and other lyophilized research compounds. The benzyl alcohol preservative inhibits bacterial growth, allowing for multiple uses from a single vial.",,,,"Hydration, Immune"
Holding Case,holding-case,Storage case that safely protects and organizes up to 10 peptide vials.,3,14,Inventory,Goods,qty,Active,Accessory,published,,,,,,Accessory
