Date,Status,Reference Number,Reason,Description,New Quantity on Hand,Quantity Adjusted,Cost Price,Item Name,SKU,Item Description,Unit,Account,Branch Name,Warehouse Name
2026-09-10,draft,STOCK-MIGRATION-MATCHED-2026-09-10,Initial stock migration from spreadsheet,Bulk stock migration after BP10 test,269,,,Retatrutide,Ret-20,,vial,Cost of Goods Sold,,
2026-09-10,draft,STOCK-MIGRATION-MATCHED-2026-09-10,Initial stock migration from spreadsheet,Bulk stock migration after BP10 test,49,,,Glow 70 MG,GLO70MG,,mg,Cost of Goods Sold,,
2026-09-10,draft,STOCK-MIGRATION-MATCHED-2026-09-10,Initial stock migration from spreadsheet,Bulk stock migration after BP10 test,17,,,Klow 80 mg,klow 80,,80,Cost of Goods Sold,,
2026-09-10,draft,STOCK-MIGRATION-MATCHED-2026-09-10,Initial stock migration from spreadsheet,Bulk stock migration after BP10 test,98,,,Wolverine stack  10 MG TB 10 MG BPC,WOL20,,mg,Cost of Goods Sold,,
2026-09-10,draft,STOCK-MIGRATION-MATCHED-2026-09-10,Initial stock migration from spreadsheet,Bulk stock migration after BP10 test,33,,,KPV 10 MG,KPV10,,MG,Cost of Goods Sold,,
2026-09-10,draft,STOCK-MIGRATION-MATCHED-2026-09-10,Initial stock migration from spreadsheet,Bulk stock migration after BP10 test,34,,,TB 500 10 MG,TB10,,MG,Cost of Goods Sold,,
2026-09-10,draft,STOCK-MIGRATION-MATCHED-2026-09-10,Initial stock migration from spreadsheet,Bulk stock migration after BP10 test,90,,,Ipamorelin,IPA10,,mg,Cost of Goods Sold,,
2026-09-10,draft,STOCK-MIGRATION-MATCHED-2026-09-10,Initial stock migration from spreadsheet,Bulk stock migration after BP10 test,53,,,GHKCU  100MG,GHCK100,,mg,Cost of Goods Sold,,
2026-09-10,draft,STOCK-MIGRATION-MATCHED-2026-09-10,Initial stock migration from spreadsheet,Bulk stock migration after BP10 test,8,,,Mots C 40 MG,MOT40,,MG,Cost of Goods Sold,,
2026-09-10,draft,STOCK-MIGRATION-MATCHED-2026-09-10,Initial stock migration from spreadsheet,Bulk stock migration after BP10 test,51,,,Tesamorelin 10 MG,TSM10,,MG,Cost of Goods Sold,,
2026-09-10,draft,STOCK-MIGRATION-MATCHED-2026-09-10,Initial stock migration from spreadsheet,Bulk stock migration after BP10 test,1,,,Epitalon 50MG,EP50,,MG,Cost of Goods Sold,,
2026-09-10,draft,STOCK-MIGRATION-MATCHED-2026-09-10,Initial stock migration from spreadsheet,Bulk stock migration after BP10 test,24,,,CJC W/O DAC 10MG,CJCND10,,MG,Cost of Goods Sold,,
2026-09-10,draft,STOCK-MIGRATION-MATCHED-2026-09-10,Initial stock migration from spreadsheet,Bulk stock migration after BP10 test,15,,,Glutanthione  1500 MG,GLU15,,MG,Cost of Goods Sold,,
2026-09-10,draft,STOCK-MIGRATION-MATCHED-2026-09-10,Initial stock migration from spreadsheet,Bulk stock migration after BP10 test,21,,,Cerebrolysin,CERB60,,mg,Cost of Goods Sold,,
2026-09-10,draft,STOCK-MIGRATION-MATCHED-2026-09-10,Initial stock migration from spreadsheet,Bulk stock migration after BP10 test,37,,,Semax,SEM11,,mg,Cost of Goods Sold,,
2026-09-10,draft,STOCK-MIGRATION-MATCHED-2026-09-10,Initial stock migration from spreadsheet,Bulk stock migration after BP10 test,44,,,Selank,SANK11MG,,MG,Cost of Goods Sold,,
2026-09-10,draft,STOCK-MIGRATION-MATCHED-2026-09-10,Initial stock migration from spreadsheet,Bulk stock migration after BP10 test,23,,,PT 141,PT10,,mg,Cost of Goods Sold,,
2026-09-10,draft,STOCK-MIGRATION-MATCHED-2026-09-10,Initial stock migration from spreadsheet,Bulk stock migration after BP10 test,29,,,SS31,SS3150,,mg,Cost of Goods Sold,,
