Item Name,SKU,CF.Website Status,CF.Website Slug,CF.Website Sort Order
Retatrutide - 20mg,Ret-20,published,retatrutide,1
Glow Stack,GLO70MG,published,glow-stack,2
Klow Stack,klow 80,published,klow-stack,3
Wolverine Stack,WOL20,published,wolverine-stack,4
BPC 157 10 MG,BP10,published,bpc-157,5
KPV - 10mg,KPV10,published,kpv,6
BPC 157 Oral Tablets,BPC157Tab,published,bpc-157-oral-tablets,7
KPV Oral Tablets,KPVTab,published,kpv-oral-tablets,8
SLU-322,SLU322,published,slu-322,9
TB 500 - 10mg,TB10,published,tb-500,10
Nad+ 500 mg,NAD500,published,nad-500,11
Ipamorelin - 10mg,IPA10,published,ipamorelin,12
GHK-CU - 100mg,GHCK100,published,ghk-cu,13
MOTS-C,MOT40,published,mots-c,14
Tesamorelin - 10mg,TSM10,published,tesamorelin,15
Epitalon - 50mg,EP50,published,epitalon,16
CJC-1295 - 10mg,CJCND10,published,cjc-without-dac,17
Glutathione - 1500mg,GLU15,published,glutathione,18
Cerebrolysin - 60mg,CERB60,published,cerebrolysin,19
Semax - 11mg,SEM11,published,semax,20
Selank - 11mg,SANK11MG,published,selank,21
PT 141 - 10mg,PT10,published,pt-141,22
VIP - 10mg,VIP10,published,vip,23
SS-31,SS3150,published,ss-31,24
Cartalax,Cartalax,published,cartalax,25
DSIP,DSIP,published,dsip,26
Bacteriostatic Water,BactWater,published,bacteriostatic-water,27
Holding Case,HolDCase,published,holding-case,28
